Workbook

Sheet Figure
A1: Figure 1 — regenerated from the Data sheet (edit Inputs to update)

Sheet Inputs
A1: Scaling laws: computing time of the three control layers vs N — inputs
A2: Blue cells are inputs. Each curve is C(N)/f_CPU with C(N) = a·N² + b·N·log2(N) + c·N + d (cycles). Defaults = cost laws of the report (§2.2).
A4: Symbol | B4: Meaning | C4: Value | D4: Unit
A5: f_CPU | B5: STM32G474 clock | C5: 170000000 | D5: Hz
A6: f0 | B6: grid frequency | C6: 50 | D6: Hz
A7: T1_10k | B7: Ts budget at 10 kHz | C7: 100 | D7: µs
A8: T1_20k | B8: Ts budget at 20 kHz | C8: 50 | D8: µs
A9: N_min | B9: first N of the sweep | C9: 4 | D9: -
A10: N_max | B10: last N of the sweep | C10: 256 | D10: -
A12: Curve coefficients — C(N) = a·N² + b·N·log2N + c·N + d [cycles per control period]
A13: Curve | B13: Complexity | C13: a (N²) | D13: b (N·log2N) | E13: c (N) | F13: d (const) | G13: Colour / style in the figure | H13: Note
A14: T1 CVB: full sort | B14: O(N²) | C14: 12 | D14: 0 | E14: 10 | F14: 50 | G14: red, solid | H14: bubble, both arms: c_CS·N(N−1) + 2·c_SEL·N + C0
A15: T1 CVB: merge-class | B15: O(N log N) | C15: 0 | D15: 40 | E15: 10 | F15: 50 | G15: red, dashed | H15: 40·N·log2N + 10N + 50
A16: T1 CVB: min/max under ±1-module rule | B16: O(N) | C16: 0 | D16: 0 | E16: 6 | F16: 200 | G16: red, dash-dot | H16: 200 + 6N
A17: T2 Energy (centralized mean) | B17: O(N) | C17: 0 | D17: 0 | E17: 19 | F17: 200 | G17: blue, solid | H17: 200 + 19N (mean and ΣE over N)
A18: T3 Grid dq outer | B18: O(1) | C18: 0 | D18: 0 | E18: 0 | F18: 800 | G18: green, solid | H18: 2 SOGI, PLL, dq PI, power loop
A19: T1 CVB decentralized consensus (per node) | B19: O(1) | C19: 0 | D19: 0 | E19: 0 | F19: 970 | G19: red, dotted | H19: report v6: 970 (figure of the report drawn with an earlier ≈ 90-cycle estimate)
A20: T2 Energy decentralized 3-point (per node) | B20: O(1) | C20: 0 | D20: 0 | E20: 0 | F20: 220 | G20: blue, dotted | H20: report v6: 220 (earlier figure ≈ 60)
A22: Ts required by ±1 rule: Ts = 1/(4·N·f0) — MMC constraint O(N), magenta solid (no coefficients)

Sheet Data
A1: Computing time per control period [µs] = C(N)/f_CPU — all columns are formulas on the Inputs sheet
A3: N | B3: T1 CVB: full sort O(N²) | C3: T1 CVB: merge-class O(N log N) | D3: T1 CVB: min/max ±1 rule O(N) | E3: T2 Energy centralized mean O(N) | F3: T3 Grid dq outer O(1) | G3: T1 CVB decentralized consensus O(1) | H3: T2 Energy decentralized 3-point O(1) | I3: Ts required by ±1 rule 1/(4·N·f0) | J3: Ts budget @10 kHz | K3: Ts budget @20 kHz
A4: 4 | B4: =(Inputs!$C$14*$A4^2+Inputs!$D$14*$A4*LOG($A4,2)+Inputs!$E$14*$A4+Inputs!$F$14)/Inputs!$C$5*1000000 -> 1.6588235 | C4: =(Inputs!$C$15*$A4^2+Inputs!$D$15*$A4*LOG($A4,2)+Inputs!$E$15*$A4+Inputs!$F$15)/Inputs!$C$5*1000000 -> 2.4117647 | D4: =(Inputs!$C$16*$A4^2+Inputs!$D$16*$A4*LOG($A4,2)+Inputs!$E$16*$A4+Inputs!$F$16)/Inputs!$C$5*1000000 -> 1.3176471 | E4: =(Inputs!$C$17*$A4^2+Inputs!$D$17*$A4*LOG($A4,2)+Inputs!$E$17*$A4+Inputs!$F$17)/Inputs!$C$5*1000000 -> 1.6235294 | F4: =(Inputs!$C$18*$A4^2+Inputs!$D$18*$A4*LOG($A4,2)+Inputs!$E$18*$A4+Inputs!$F$18)/Inputs!$C$5*1000000 -> 4.7058824 | G4: =(Inputs!$C$19*$A4^2+Inputs!$D$19*$A4*LOG($A4,2)+Inputs!$E$19*$A4+Inputs!$F$19)/Inputs!$C$5*1000000 -> 5.7058824 | H4: =(Inputs!$C$20*$A4^2+Inputs!$D$20*$A4*LOG($A4,2)+Inputs!$E$20*$A4+Inputs!$F$20)/Inputs!$C$5*1000000 -> 1.2941176 | I4: =1/(4*$A4*Inputs!$C$6)*1000000 -> 1250 | J4: =Inputs!$C$7 -> 100 | K4: =Inputs!$C$8 -> 50
A5: 5 | B5: =(Inputs!$C$14*$A5^2+Inputs!$D$14*$A5*LOG($A5,2)+Inputs!$E$14*$A5+Inputs!$F$14)/Inputs!$C$5*1000000 -> 2.3529412 | C5: =(Inputs!$C$15*$A5^2+Inputs!$D$15*$A5*LOG($A5,2)+Inputs!$E$15*$A5+Inputs!$F$15)/Inputs!$C$5*1000000 -> 3.3199154 | D5: =(Inputs!$C$16*$A5^2+Inputs!$D$16*$A5*LOG($A5,2)+Inputs!$E$16*$A5+Inputs!$F$16)/Inputs!$C$5*1000000 -> 1.3529412 | E5: =(Inputs!$C$17*$A5^2+Inputs!$D$17*$A5*LOG($A5,2)+Inputs!$E$17*$A5+Inputs!$F$17)/Inputs!$C$5*1000000 -> 1.7352941 | F5: =(Inputs!$C$18*$A5^2+Inputs!$D$18*$A5*LOG($A5,2)+Inputs!$E$18*$A5+Inputs!$F$18)/Inputs!$C$5*1000000 -> 4.7058824 | G5: =(Inputs!$C$19*$A5^2+Inputs!$D$19*$A5*LOG($A5,2)+Inputs!$E$19*$A5+Inputs!$F$19)/Inputs!$C$5*1000000 -> 5.7058824 | H5: =(Inputs!$C$20*$A5^2+Inputs!$D$20*$A5*LOG($A5,2)+Inputs!$E$20*$A5+Inputs!$F$20)/Inputs!$C$5*1000000 -> 1.2941176 | I5: =1/(4*$A5*Inputs!$C$6)*1000000 -> 1000 | J5: =Inputs!$C$7 -> 100 | K5: =Inputs!$C$8 -> 50
A6: 6 | B6: =(Inputs!$C$14*$A6^2+Inputs!$D$14*$A6*LOG($A6,2)+Inputs!$E$14*$A6+Inputs!$F$14)/Inputs!$C$5*1000000 -> 3.1882353 | C6: =(Inputs!$C$15*$A6^2+Inputs!$D$15*$A6*LOG($A6,2)+Inputs!$E$15*$A6+Inputs!$F$15)/Inputs!$C$5*1000000 -> 4.2964176 | D6: =(Inputs!$C$16*$A6^2+Inputs!$D$16*$A6*LOG($A6,2)+Inputs!$E$16*$A6+Inputs!$F$16)/Inputs!$C$5*1000000 -> 1.3882353 | E6: =(Inputs!$C$17*$A6^2+Inputs!$D$17*$A6*LOG($A6,2)+Inputs!$E$17*$A6+Inputs!$F$17)/Inputs!$C$5*1000000 -> 1.8470588 | F6: =(Inputs!$C$18*$A6^2+Inputs!$D$18*$A6*LOG($A6,2)+Inputs!$E$18*$A6+Inputs!$F$18)/Inputs!$C$5*1000000 -> 4.7058824 | G6: =(Inputs!$C$19*$A6^2+Inputs!$D$19*$A6*LOG($A6,2)+Inputs!$E$19*$A6+Inputs!$F$19)/Inputs!$C$5*1000000 -> 5.7058824 | H6: =(Inputs!$C$20*$A6^2+Inputs!$D$20*$A6*LOG($A6,2)+Inputs!$E$20*$A6+Inputs!$F$20)/Inputs!$C$5*1000000 -> 1.2941176 | I6: =1/(4*$A6*Inputs!$C$6)*1000000 -> 833.33333 | J6: =Inputs!$C$7 -> 100 | K6: =Inputs!$C$8 -> 50
A7: 7 | B7: =(Inputs!$C$14*$A7^2+Inputs!$D$14*$A7*LOG($A7,2)+Inputs!$E$14*$A7+Inputs!$F$14)/Inputs!$C$5*1000000 -> 4.1647059 | C7: =(Inputs!$C$15*$A7^2+Inputs!$D$15*$A7*LOG($A7,2)+Inputs!$E$15*$A7+Inputs!$F$15)/Inputs!$C$5*1000000 -> 5.329761 | D7: =(Inputs!$C$16*$A7^2+Inputs!$D$16*$A7*LOG($A7,2)+Inputs!$E$16*$A7+Inputs!$F$16)/Inputs!$C$5*1000000 -> 1.4235294 | E7: =(Inputs!$C$17*$A7^2+Inputs!$D$17*$A7*LOG($A7,2)+Inputs!$E$17*$A7+Inputs!$F$17)/Inputs!$C$5*1000000 -> 1.9588235 | F7: =(Inputs!$C$18*$A7^2+Inputs!$D$18*$A7*LOG($A7,2)+Inputs!$E$18*$A7+Inputs!$F$18)/Inputs!$C$5*1000000 -> 4.7058824 | G7: =(Inputs!$C$19*$A7^2+Inputs!$D$19*$A7*LOG($A7,2)+Inputs!$E$19*$A7+Inputs!$F$19)/Inputs!$C$5*1000000 -> 5.7058824 | H7: =(Inputs!$C$20*$A7^2+Inputs!$D$20*$A7*LOG($A7,2)+Inputs!$E$20*$A7+Inputs!$F$20)/Inputs!$C$5*1000000 -> 1.2941176 | I7: =1/(4*$A7*Inputs!$C$6)*1000000 -> 714.28571 | J7: =Inputs!$C$7 -> 100 | K7: =Inputs!$C$8 -> 50
A8: 8 | B8: =(Inputs!$C$14*$A8^2+Inputs!$D$14*$A8*LOG($A8,2)+Inputs!$E$14*$A8+Inputs!$F$14)/Inputs!$C$5*1000000 -> 5.2823529 | C8: =(Inputs!$C$15*$A8^2+Inputs!$D$15*$A8*LOG($A8,2)+Inputs!$E$15*$A8+Inputs!$F$15)/Inputs!$C$5*1000000 -> 6.4117647 | D8: =(Inputs!$C$16*$A8^2+Inputs!$D$16*$A8*LOG($A8,2)+Inputs!$E$16*$A8+Inputs!$F$16)/Inputs!$C$5*1000000 -> 1.4588235 | E8: =(Inputs!$C$17*$A8^2+Inputs!$D$17*$A8*LOG($A8,2)+Inputs!$E$17*$A8+Inputs!$F$17)/Inputs!$C$5*1000000 -> 2.0705882 | F8: =(Inputs!$C$18*$A8^2+Inputs!$D$18*$A8*LOG($A8,2)+Inputs!$E$18*$A8+Inputs!$F$18)/Inputs!$C$5*1000000 -> 4.7058824 | G8: =(Inputs!$C$19*$A8^2+Inputs!$D$19*$A8*LOG($A8,2)+Inputs!$E$19*$A8+Inputs!$F$19)/Inputs!$C$5*1000000 -> 5.7058824 | H8: =(Inputs!$C$20*$A8^2+Inputs!$D$20*$A8*LOG($A8,2)+Inputs!$E$20*$A8+Inputs!$F$20)/Inputs!$C$5*1000000 -> 1.2941176 | I8: =1/(4*$A8*Inputs!$C$6)*1000000 -> 625 | J8: =Inputs!$C$7 -> 100 | K8: =Inputs!$C$8 -> 50
A9: 9 | B9: =(Inputs!$C$14*$A9^2+Inputs!$D$14*$A9*LOG($A9,2)+Inputs!$E$14*$A9+Inputs!$F$14)/Inputs!$C$5*1000000 -> 6.5411765 | C9: =(Inputs!$C$15*$A9^2+Inputs!$D$15*$A9*LOG($A9,2)+Inputs!$E$15*$A9+Inputs!$F$15)/Inputs!$C$5*1000000 -> 7.5363118 | D9: =(Inputs!$C$16*$A9^2+Inputs!$D$16*$A9*LOG($A9,2)+Inputs!$E$16*$A9+Inputs!$F$16)/Inputs!$C$5*1000000 -> 1.4941176 | E9: =(Inputs!$C$17*$A9^2+Inputs!$D$17*$A9*LOG($A9,2)+Inputs!$E$17*$A9+Inputs!$F$17)/Inputs!$C$5*1000000 -> 2.1823529 | F9: =(Inputs!$C$18*$A9^2+Inputs!$D$18*$A9*LOG($A9,2)+Inputs!$E$18*$A9+Inputs!$F$18)/Inputs!$C$5*1000000 -> 4.7058824 | G9: =(Inputs!$C$19*$A9^2+Inputs!$D$19*$A9*LOG($A9,2)+Inputs!$E$19*$A9+Inputs!$F$19)/Inputs!$C$5*1000000 -> 5.7058824 | H9: =(Inputs!$C$20*$A9^2+Inputs!$D$20*$A9*LOG($A9,2)+Inputs!$E$20*$A9+Inputs!$F$20)/Inputs!$C$5*1000000 -> 1.2941176 | I9: =1/(4*$A9*Inputs!$C$6)*1000000 -> 555.55556 | J9: =Inputs!$C$7 -> 100 | K9: =Inputs!$C$8 -> 50
A10: 10 | B10: =(Inputs!$C$14*$A10^2+Inputs!$D$14*$A10*LOG($A10,2)+Inputs!$E$14*$A10+Inputs!$F$14)/Inputs!$C$5*1000000 -> 7.9411765 | C10: =(Inputs!$C$15*$A10^2+Inputs!$D$15*$A10*LOG($A10,2)+Inputs!$E$15*$A10+Inputs!$F$15)/Inputs!$C$5*1000000 -> 8.6986543 | D10: =(Inputs!$C$16*$A10^2+Inputs!$D$16*$A10*LOG($A10,2)+Inputs!$E$16*$A10+Inputs!$F$16)/Inputs!$C$5*1000000 -> 1.5294118 | E10: =(Inputs!$C$17*$A10^2+Inputs!$D$17*$A10*LOG($A10,2)+Inputs!$E$17*$A10+Inputs!$F$17)/Inputs!$C$5*1000000 -> 2.2941176 | F10: =(Inputs!$C$18*$A10^2+Inputs!$D$18*$A10*LOG($A10,2)+Inputs!$E$18*$A10+Inputs!$F$18)/Inputs!$C$5*1000000 -> 4.7058824 | G10: =(Inputs!$C$19*$A10^2+Inputs!$D$19*$A10*LOG($A10,2)+Inputs!$E$19*$A10+Inputs!$F$19)/Inputs!$C$5*1000000 -> 5.7058824 | H10: =(Inputs!$C$20*$A10^2+Inputs!$D$20*$A10*LOG($A10,2)+Inputs!$E$20*$A10+Inputs!$F$20)/Inputs!$C$5*1000000 -> 1.2941176 | I10: =1/(4*$A10*Inputs!$C$6)*1000000 -> 500 | J10: =Inputs!$C$7 -> 100 | K10: =Inputs!$C$8 -> 50
A11: 11 | B11: =(Inputs!$C$14*$A11^2+Inputs!$D$14*$A11*LOG($A11,2)+Inputs!$E$14*$A11+Inputs!$F$14)/Inputs!$C$5*1000000 -> 9.4823529 | C11: =(Inputs!$C$15*$A11^2+Inputs!$D$15*$A11*LOG($A11,2)+Inputs!$E$15*$A11+Inputs!$F$15)/Inputs!$C$5*1000000 -> 9.8949995 | D11: =(Inputs!$C$16*$A11^2+Inputs!$D$16*$A11*LOG($A11,2)+Inputs!$E$16*$A11+Inputs!$F$16)/Inputs!$C$5*1000000 -> 1.5647059 | E11: =(Inputs!$C$17*$A11^2+Inputs!$D$17*$A11*LOG($A11,2)+Inputs!$E$17*$A11+Inputs!$F$17)/Inputs!$C$5*1000000 -> 2.4058824 | F11: =(Inputs!$C$18*$A11^2+Inputs!$D$18*$A11*LOG($A11,2)+Inputs!$E$18*$A11+Inputs!$F$18)/Inputs!$C$5*1000000 -> 4.7058824 | G11: =(Inputs!$C$19*$A11^2+Inputs!$D$19*$A11*LOG($A11,2)+Inputs!$E$19*$A11+Inputs!$F$19)/Inputs!$C$5*1000000 -> 5.7058824 | H11: =(Inputs!$C$20*$A11^2+Inputs!$D$20*$A11*LOG($A11,2)+Inputs!$E$20*$A11+Inputs!$F$20)/Inputs!$C$5*1000000 -> 1.2941176 | I11: =1/(4*$A11*Inputs!$C$6)*1000000 -> 454.54545 | J11: =Inputs!$C$7 -> 100 | K11: =Inputs!$C$8 -> 50
A12: 12 | B12: =(Inputs!$C$14*$A12^2+Inputs!$D$14*$A12*LOG($A12,2)+Inputs!$E$14*$A12+Inputs!$F$14)/Inputs!$C$5*1000000 -> 11.164706 | C12: =(Inputs!$C$15*$A12^2+Inputs!$D$15*$A12*LOG($A12,2)+Inputs!$E$15*$A12+Inputs!$F$15)/Inputs!$C$5*1000000 -> 11.122247 | D12: =(Inputs!$C$16*$A12^2+Inputs!$D$16*$A12*LOG($A12,2)+Inputs!$E$16*$A12+Inputs!$F$16)/Inputs!$C$5*1000000 -> 1.6 | E12: =(Inputs!$C$17*$A12^2+Inputs!$D$17*$A12*LOG($A12,2)+Inputs!$E$17*$A12+Inputs!$F$17)/Inputs!$C$5*1000000 -> 2.5176471 | F12: =(Inputs!$C$18*$A12^2+Inputs!$D$18*$A12*LOG($A12,2)+Inputs!$E$18*$A12+Inputs!$F$18)/Inputs!$C$5*1000000 -> 4.7058824 | G12: =(Inputs!$C$19*$A12^2+Inputs!$D$19*$A12*LOG($A12,2)+Inputs!$E$19*$A12+Inputs!$F$19)/Inputs!$C$5*1000000 -> 5.7058824 | H12: =(Inputs!$C$20*$A12^2+Inputs!$D$20*$A12*LOG($A12,2)+Inputs!$E$20*$A12+Inputs!$F$20)/Inputs!$C$5*1000000 -> 1.2941176 | I12: =1/(4*$A12*Inputs!$C$6)*1000000 -> 416.66667 | J12: =Inputs!$C$7 -> 100 | K12: =Inputs!$C$8 -> 50
A13: 13 | B13: =(Inputs!$C$14*$A13^2+Inputs!$D$14*$A13*LOG($A13,2)+Inputs!$E$14*$A13+Inputs!$F$14)/Inputs!$C$5*1000000 -> 12.988235 | C13: =(Inputs!$C$15*$A13^2+Inputs!$D$15*$A13*LOG($A13,2)+Inputs!$E$15*$A13+Inputs!$F$15)/Inputs!$C$5*1000000 -> 12.377816 | D13: =(Inputs!$C$16*$A13^2+Inputs!$D$16*$A13*LOG($A13,2)+Inputs!$E$16*$A13+Inputs!$F$16)/Inputs!$C$5*1000000 -> 1.6352941 | E13: =(Inputs!$C$17*$A13^2+Inputs!$D$17*$A13*LOG($A13,2)+Inputs!$E$17*$A13+Inputs!$F$17)/Inputs!$C$5*1000000 -> 2.6294118 | F13: =(Inputs!$C$18*$A13^2+Inputs!$D$18*$A13*LOG($A13,2)+Inputs!$E$18*$A13+Inputs!$F$18)/Inputs!$C$5*1000000 -> 4.7058824 | G13: =(Inputs!$C$19*$A13^2+Inputs!$D$19*$A13*LOG($A13,2)+Inputs!$E$19*$A13+Inputs!$F$19)/Inputs!$C$5*1000000 -> 5.7058824 | H13: =(Inputs!$C$20*$A13^2+Inputs!$D$20*$A13*LOG($A13,2)+Inputs!$E$20*$A13+Inputs!$F$20)/Inputs!$C$5*1000000 -> 1.2941176 | I13: =1/(4*$A13*Inputs!$C$6)*1000000 -> 384.61538 | J13: =Inputs!$C$7 -> 100 | K13: =Inputs!$C$8 -> 50
A14: 14 | B14: =(Inputs!$C$14*$A14^2+Inputs!$D$14*$A14*LOG($A14,2)+Inputs!$E$14*$A14+Inputs!$F$14)/Inputs!$C$5*1000000 -> 14.952941 | C14: =(Inputs!$C$15*$A14^2+Inputs!$D$15*$A14*LOG($A14,2)+Inputs!$E$15*$A14+Inputs!$F$15)/Inputs!$C$5*1000000 -> 13.659522 | D14: =(Inputs!$C$16*$A14^2+Inputs!$D$16*$A14*LOG($A14,2)+Inputs!$E$16*$A14+Inputs!$F$16)/Inputs!$C$5*1000000 -> 1.6705882 | E14: =(Inputs!$C$17*$A14^2+Inputs!$D$17*$A14*LOG($A14,2)+Inputs!$E$17*$A14+Inputs!$F$17)/Inputs!$C$5*1000000 -> 2.7411765 | F14: =(Inputs!$C$18*$A14^2+Inputs!$D$18*$A14*LOG($A14,2)+Inputs!$E$18*$A14+Inputs!$F$18)/Inputs!$C$5*1000000 -> 4.7058824 | G14: =(Inputs!$C$19*$A14^2+Inputs!$D$19*$A14*LOG($A14,2)+Inputs!$E$19*$A14+Inputs!$F$19)/Inputs!$C$5*1000000 -> 5.7058824 | H14: =(Inputs!$C$20*$A14^2+Inputs!$D$20*$A14*LOG($A14,2)+Inputs!$E$20*$A14+Inputs!$F$20)/Inputs!$C$5*1000000 -> 1.2941176 | I14: =1/(4*$A14*Inputs!$C$6)*1000000 -> 357.14286 | J14: =Inputs!$C$7 -> 100 | K14: =Inputs!$C$8 -> 50
A15: 15 | B15: =(Inputs!$C$14*$A15^2+Inputs!$D$14*$A15*LOG($A15,2)+Inputs!$E$14*$A15+Inputs!$F$14)/Inputs!$C$5*1000000 -> 17.058824 | C15: =(Inputs!$C$15*$A15^2+Inputs!$D$15*$A15*LOG($A15,2)+Inputs!$E$15*$A15+Inputs!$F$15)/Inputs!$C$5*1000000 -> 14.965496 | D15: =(Inputs!$C$16*$A15^2+Inputs!$D$16*$A15*LOG($A15,2)+Inputs!$E$16*$A15+Inputs!$F$16)/Inputs!$C$5*1000000 -> 1.7058824 | E15: =(Inputs!$C$17*$A15^2+Inputs!$D$17*$A15*LOG($A15,2)+Inputs!$E$17*$A15+Inputs!$F$17)/Inputs!$C$5*1000000 -> 2.8529412 | F15: =(Inputs!$C$18*$A15^2+Inputs!$D$18*$A15*LOG($A15,2)+Inputs!$E$18*$A15+Inputs!$F$18)/Inputs!$C$5*1000000 -> 4.7058824 | G15: =(Inputs!$C$19*$A15^2+Inputs!$D$19*$A15*LOG($A15,2)+Inputs!$E$19*$A15+Inputs!$F$19)/Inputs!$C$5*1000000 -> 5.7058824 | H15: =(Inputs!$C$20*$A15^2+Inputs!$D$20*$A15*LOG($A15,2)+Inputs!$E$20*$A15+Inputs!$F$20)/Inputs!$C$5*1000000 -> 1.2941176 | I15: =1/(4*$A15*Inputs!$C$6)*1000000 -> 333.33333 | J15: =Inputs!$C$7 -> 100 | K15: =Inputs!$C$8 -> 50
... A58: 256 | B58: =(Inputs!$C$14*$A58^2+Inputs!$D$14*$A58*LOG($A58,2)+Inputs!$E$14*$A58+Inputs!$F$14)/Inputs!$C$5*1000000 -> 4641.4235 | C58: =(Inputs!$C$15*$A58^2+Inputs!$D$15*$A58*LOG($A58,2)+Inputs!$E$15*$A58+Inputs!$F$15)/Inputs!$C$5*1000000 -> 497.23529 | D58: =(Inputs!$C$16*$A58^2+Inputs!$D$16*$A58*LOG($A58,2)+Inputs!$E$16*$A58+Inputs!$F$16)/Inputs!$C$5*1000000 -> 10.211765 | E58: =(Inputs!$C$17*$A58^2+Inputs!$D$17*$A58*LOG($A58,2)+Inputs!$E$17*$A58+Inputs!$F$17)/Inputs!$C$5*1000000 -> 29.788235 | F58: =(Inputs!$C$18*$A58^2+Inputs!$D$18*$A58*LOG($A58,2)+Inputs!$E$18*$A58+Inputs!$F$18)/Inputs!$C$5*1000000 -> 4.7058824 | G58: =(Inputs!$C$19*$A58^2+Inputs!$D$19*$A58*LOG($A58,2)+Inputs!$E$19*$A58+Inputs!$F$19)/Inputs!$C$5*1000000 -> 5.7058824 | H58: =(Inputs!$C$20*$A58^2+Inputs!$D$20*$A58*LOG($A58,2)+Inputs!$E$20*$A58+Inputs!$F$20)/Inputs!$C$5*1000000 -> 1.2941176 | I58: =1/(4*$A58*Inputs!$C$6)*1000000 -> 19.53125 | J58: =Inputs!$C$7 -> 100 | K58: =Inputs!$C$8 -> 50
A60: Crossings (largest N of the sweep with curve ≤ budget)
A61: Full sort ≤ 100 µs | D61: =INDEX($A$4:$A$58,SUMPRODUCT((B4:B58<=J4:J58)*1)) -> 36 | E61: N (sweep resolution)
A62: Full sort ≤ 50 µs | D62: =INDEX($A$4:$A$58,SUMPRODUCT((B4:B58<=K4:K58)*1)) -> 25 | E62: N (sweep resolution)
A63: Merge-class ≤ 100 µs | D63: =INDEX($A$4:$A$58,SUMPRODUCT((C4:C58<=J4:J58)*1)) -> 67 | E63: N (sweep resolution)
A64: Full sort ≤ Ts(±1 rule) | D64: =INDEX($A$4:$A$58,SUMPRODUCT((B4:B58<=I4:I58)*1)) -> 41 | E64: N (sweep resolution)
A65: Merge-class ≤ Ts(±1 rule) | D65: =INDEX($A$4:$A$58,SUMPRODUCT((C4:C58<=I4:I58)*1)) -> 58 | E65: N (sweep resolution)
A66: Energy centralized ≤ Ts(±1 rule) | D66: =INDEX($A$4:$A$58,SUMPRODUCT((E4:E58<=I4:I58)*1)) -> 193 | E66: N (sweep resolution)
