Workbook

Sheet Figure
A1: Figure 5 — left: processor utilization U(N) vs N; right: FPGA resource usage vs N (regenerated; edit Inputs)

Sheet Inputs
A1: Figure 5 — inputs
A3: Symbol | B3: Meaning | C3: Value | D3: Unit | E3: Source / note
A4: f_CPU | B4: STM32G474 clock | C4: 170000000 | D4: Hz | E4: [8]
A5: T1 | B5: CVB period | C5: 0.0001 | D5: s | E5: 10 kHz
A6: T2 | B6: energy period | C6: 0.001 | D6: s | E6: 1 kHz
A7: T3 | B7: outer period | C7: 0.01 | D7: s | E7: 100 Hz
A8: c_CS | B8: compare-and-swap cost (packed bubble) | C8: 12 | D8: cyc | E8: design estimate
A9: c_SEL | B9: selection cost per module | C9: 11 | D9: cyc | E9: design estimate
A10: C0 | B10: CVB fixed overhead | C10: 50 | D10: cyc
A11: a2 | B11: energy layer fixed | C11: 200 | D11: cyc
A12: b2 | B12: energy layer per module | C12: 19 | D12: cyc
A13: C3 | B13: outer layer | C13: 800 | D13: cyc
A14: t_SPI | B14: SPI frame time (20 MHz, 32 bit + 2 µs) | C14: 3.6e-06 | D14: s | E14: Table 3
A15: U_bound | B15: RMS bound, harmonic set | C15: 1 | D15: - | E15: [12]
A16: t_AUR | B16: Aurora stream interval per sample | C16: 4e-08 | D16: s | E16: [7]
A17: f_FPGA | B17: FPGA clock | C17: 100000000 | D17: Hz | E17: [1]
A18: LUT_dev | B18: XC6SLX45 LUT count | C18: 27288 | D18: LUT | E18: Xilinx DS160
A19: N_max_FPGA | B19: FPGA resource-bound N_max (marker) | C19: 128 | D19: - | E19: report §4
A22: Bitonic sorting-network resources (Ricco, Mathe, Teodorescu [1], eqs. (1)–(7), max factorization; M = 64 validated, others from the equations)
A23: M = N | B23: LUT % of XC6SLX45 (input, [1]) | C23: p = log2 M | D23: CS = M·p(p+1)/4 | E23: Sort latency 2 arms (µs) [1] | F23: note
A24: 8 | B24: 0.015 | C24: =LOG(A24,2) -> 3 | D24: =A24*C24*(C24+1)/4 -> 24 | E24: 0.36 | F24: from eqs.
A25: 16 | B25: 0.03 | C25: =LOG(A25,2) -> 4 | D25: =A25*C25*(C25+1)/4 -> 80 | E25: 0.44 | F25: from eqs.
A26: 32 | B26: 0.08 | C26: =LOG(A26,2) -> 5 | D26: =A26*C26*(C26+1)/4 -> 240 | E26: 0.64 | F26: from eqs.
A27: 64 | B27: 0.21 | C27: =LOG(A27,2) -> 6 | D27: =A27*C27*(C27+1)/4 -> 672 | E27: 0.88 | F27: validated
A28: 128 | B28: 0.55 | C28: =LOG(A28,2) -> 7 | D28: =A28*C28*(C28+1)/4 -> 1792 | E28: 1.16 | F28: extrapolated
A29: 256 | B29: 1.35 | C29: =LOG(A29,2) -> 8 | D29: =A29*C29*(C29+1)/4 -> 4608 | E29: 1.48 | F29: extrapolated

Sheet Left U(N)
A1: Schedulability U(N), classical centralized — formulas
A3: N | B3: C1 = c_CS·N(N−1) + 2·c_SEL·N + C0 | C3: C2 = a2 + b2·N | D3: C3 | E3: U_DMA = C1/(f·T1) + C2/(f·T2) + C3/(f·T3) | F3: U_block = U_DMA + 2N·t_SPI/T1 | G3: RMS bound | H3: Path single SPI (µs) = 2N·t_SPI + C1/f | I3: Path ≤ T1 ? | J3: FPGA time utilization (2N·t_AUR + sort)/T1 | K3: comm deadline single SPI x | L3: comm deadline single SPI y | M3: U_DMA = 1 (parallel ADC) x | N3: U_DMA = 1 (parallel ADC) y
A4: 4 | B4: =Inputs!$C$8*A4*(A4-1)+2*Inputs!$C$9*A4+Inputs!$C$10 -> 282 | C4: =Inputs!$C$11+Inputs!$C$12*A4 -> 276 | D4: =Inputs!$C$13 -> 800 | E4: =B4/(Inputs!$C$4*Inputs!$C$5)+C4/(Inputs!$C$4*Inputs!$C$6)+D4/(Inputs!$C$4*Inputs!$C$7) -> 0.018682353 | F4: =E4+2*A4*Inputs!$C$14/Inputs!$C$5 -> 0.30668235 | G4: =Inputs!$C$15 -> 1 | H4: =2*A4*Inputs!$C$14*1000000+B4/Inputs!$C$4*1000000 -> 30.458824 | I4: =IF(H4<=Inputs!$C$5*1000000,1,0) -> 1 | J4: =(2*A4*Inputs!$C$16*1000000+INDEX(Inputs!$E$24:$E$29,MATCH(MAX(8,2^CEILING(LOG(A4,2),1)),Inputs!$A$24:$A$29,0)))/(Inputs!$C$5*1000000) -> 0.0068 | K4: =$E$54 -> 12 | L4: 0 | M4: =$E$56 -> 37 | N4: 0
A5: 5 | B5: =Inputs!$C$8*A5*(A5-1)+2*Inputs!$C$9*A5+Inputs!$C$10 -> 400 | C5: =Inputs!$C$11+Inputs!$C$12*A5 -> 295 | D5: =Inputs!$C$13 -> 800 | E5: =B5/(Inputs!$C$4*Inputs!$C$5)+C5/(Inputs!$C$4*Inputs!$C$6)+D5/(Inputs!$C$4*Inputs!$C$7) -> 0.025735294 | F5: =E5+2*A5*Inputs!$C$14/Inputs!$C$5 -> 0.38573529 | G5: =Inputs!$C$15 -> 1 | H5: =2*A5*Inputs!$C$14*1000000+B5/Inputs!$C$4*1000000 -> 38.352941 | I5: =IF(H5<=Inputs!$C$5*1000000,1,0) -> 1 | J5: =(2*A5*Inputs!$C$16*1000000+INDEX(Inputs!$E$24:$E$29,MATCH(MAX(8,2^CEILING(LOG(A5,2),1)),Inputs!$A$24:$A$29,0)))/(Inputs!$C$5*1000000) -> 0.0076 | K5: =$E$54 -> 12 | L5: 1.6 | M5: =$E$56 -> 37 | N5: 1.6
A6: 6 | B6: =Inputs!$C$8*A6*(A6-1)+2*Inputs!$C$9*A6+Inputs!$C$10 -> 542 | C6: =Inputs!$C$11+Inputs!$C$12*A6 -> 314 | D6: =Inputs!$C$13 -> 800 | E6: =B6/(Inputs!$C$4*Inputs!$C$5)+C6/(Inputs!$C$4*Inputs!$C$6)+D6/(Inputs!$C$4*Inputs!$C$7) -> 0.0342 | F6: =E6+2*A6*Inputs!$C$14/Inputs!$C$5 -> 0.4662 | G6: =Inputs!$C$15 -> 1 | H6: =2*A6*Inputs!$C$14*1000000+B6/Inputs!$C$4*1000000 -> 46.388235 | I6: =IF(H6<=Inputs!$C$5*1000000,1,0) -> 1 | J6: =(2*A6*Inputs!$C$16*1000000+INDEX(Inputs!$E$24:$E$29,MATCH(MAX(8,2^CEILING(LOG(A6,2),1)),Inputs!$A$24:$A$29,0)))/(Inputs!$C$5*1000000) -> 0.0084
A7: 7 | B7: =Inputs!$C$8*A7*(A7-1)+2*Inputs!$C$9*A7+Inputs!$C$10 -> 708 | C7: =Inputs!$C$11+Inputs!$C$12*A7 -> 333 | D7: =Inputs!$C$13 -> 800 | E7: =B7/(Inputs!$C$4*Inputs!$C$5)+C7/(Inputs!$C$4*Inputs!$C$6)+D7/(Inputs!$C$4*Inputs!$C$7) -> 0.044076471 | F7: =E7+2*A7*Inputs!$C$14/Inputs!$C$5 -> 0.54807647 | G7: =Inputs!$C$15 -> 1 | H7: =2*A7*Inputs!$C$14*1000000+B7/Inputs!$C$4*1000000 -> 54.564706 | I7: =IF(H7<=Inputs!$C$5*1000000,1,0) -> 1 | J7: =(2*A7*Inputs!$C$16*1000000+INDEX(Inputs!$E$24:$E$29,MATCH(MAX(8,2^CEILING(LOG(A7,2),1)),Inputs!$A$24:$A$29,0)))/(Inputs!$C$5*1000000) -> 0.0092
A8: 8 | B8: =Inputs!$C$8*A8*(A8-1)+2*Inputs!$C$9*A8+Inputs!$C$10 -> 898 | C8: =Inputs!$C$11+Inputs!$C$12*A8 -> 352 | D8: =Inputs!$C$13 -> 800 | E8: =B8/(Inputs!$C$4*Inputs!$C$5)+C8/(Inputs!$C$4*Inputs!$C$6)+D8/(Inputs!$C$4*Inputs!$C$7) -> 0.055364706 | F8: =E8+2*A8*Inputs!$C$14/Inputs!$C$5 -> 0.63136471 | G8: =Inputs!$C$15 -> 1 | H8: =2*A8*Inputs!$C$14*1000000+B8/Inputs!$C$4*1000000 -> 62.882353 | I8: =IF(H8<=Inputs!$C$5*1000000,1,0) -> 1 | J8: =(2*A8*Inputs!$C$16*1000000+INDEX(Inputs!$E$24:$E$29,MATCH(MAX(8,2^CEILING(LOG(A8,2),1)),Inputs!$A$24:$A$29,0)))/(Inputs!$C$5*1000000) -> 0.01
A9: 9 | B9: =Inputs!$C$8*A9*(A9-1)+2*Inputs!$C$9*A9+Inputs!$C$10 -> 1112 | C9: =Inputs!$C$11+Inputs!$C$12*A9 -> 371 | D9: =Inputs!$C$13 -> 800 | E9: =B9/(Inputs!$C$4*Inputs!$C$5)+C9/(Inputs!$C$4*Inputs!$C$6)+D9/(Inputs!$C$4*Inputs!$C$7) -> 0.068064706 | F9: =E9+2*A9*Inputs!$C$14/Inputs!$C$5 -> 0.71606471 | G9: =Inputs!$C$15 -> 1 | H9: =2*A9*Inputs!$C$14*1000000+B9/Inputs!$C$4*1000000 -> 71.341176 | I9: =IF(H9<=Inputs!$C$5*1000000,1,0) -> 1 | J9: =(2*A9*Inputs!$C$16*1000000+INDEX(Inputs!$E$24:$E$29,MATCH(MAX(8,2^CEILING(LOG(A9,2),1)),Inputs!$A$24:$A$29,0)))/(Inputs!$C$5*1000000) -> 0.0116
A10: 10 | B10: =Inputs!$C$8*A10*(A10-1)+2*Inputs!$C$9*A10+Inputs!$C$10 -> 1350 | C10: =Inputs!$C$11+Inputs!$C$12*A10 -> 390 | D10: =Inputs!$C$13 -> 800 | E10: =B10/(Inputs!$C$4*Inputs!$C$5)+C10/(Inputs!$C$4*Inputs!$C$6)+D10/(Inputs!$C$4*Inputs!$C$7) -> 0.082176471 | F10: =E10+2*A10*Inputs!$C$14/Inputs!$C$5 -> 0.80217647 | G10: =Inputs!$C$15 -> 1 | H10: =2*A10*Inputs!$C$14*1000000+B10/Inputs!$C$4*1000000 -> 79.941176 | I10: =IF(H10<=Inputs!$C$5*1000000,1,0) -> 1 | J10: =(2*A10*Inputs!$C$16*1000000+INDEX(Inputs!$E$24:$E$29,MATCH(MAX(8,2^CEILING(LOG(A10,2),1)),Inputs!$A$24:$A$29,0)))/(Inputs!$C$5*1000000) -> 0.0124
A11: 11 | B11: =Inputs!$C$8*A11*(A11-1)+2*Inputs!$C$9*A11+Inputs!$C$10 -> 1612 | C11: =Inputs!$C$11+Inputs!$C$12*A11 -> 409 | D11: =Inputs!$C$13 -> 800 | E11: =B11/(Inputs!$C$4*Inputs!$C$5)+C11/(Inputs!$C$4*Inputs!$C$6)+D11/(Inputs!$C$4*Inputs!$C$7) -> 0.0977 | F11: =E11+2*A11*Inputs!$C$14/Inputs!$C$5 -> 0.8897 | G11: =Inputs!$C$15 -> 1 | H11: =2*A11*Inputs!$C$14*1000000+B11/Inputs!$C$4*1000000 -> 88.682353 | I11: =IF(H11<=Inputs!$C$5*1000000,1,0) -> 1 | J11: =(2*A11*Inputs!$C$16*1000000+INDEX(Inputs!$E$24:$E$29,MATCH(MAX(8,2^CEILING(LOG(A11,2),1)),Inputs!$A$24:$A$29,0)))/(Inputs!$C$5*1000000) -> 0.0132
A12: 12 | B12: =Inputs!$C$8*A12*(A12-1)+2*Inputs!$C$9*A12+Inputs!$C$10 -> 1898 | C12: =Inputs!$C$11+Inputs!$C$12*A12 -> 428 | D12: =Inputs!$C$13 -> 800 | E12: =B12/(Inputs!$C$4*Inputs!$C$5)+C12/(Inputs!$C$4*Inputs!$C$6)+D12/(Inputs!$C$4*Inputs!$C$7) -> 0.11463529 | F12: =E12+2*A12*Inputs!$C$14/Inputs!$C$5 -> 0.97863529 | G12: =Inputs!$C$15 -> 1 | H12: =2*A12*Inputs!$C$14*1000000+B12/Inputs!$C$4*1000000 -> 97.564706 | I12: =IF(H12<=Inputs!$C$5*1000000,1,0) -> 1 | J12: =(2*A12*Inputs!$C$16*1000000+INDEX(Inputs!$E$24:$E$29,MATCH(MAX(8,2^CEILING(LOG(A12,2),1)),Inputs!$A$24:$A$29,0)))/(Inputs!$C$5*1000000) -> 0.014
A13: 13 | B13: =Inputs!$C$8*A13*(A13-1)+2*Inputs!$C$9*A13+Inputs!$C$10 -> 2208 | C13: =Inputs!$C$11+Inputs!$C$12*A13 -> 447 | D13: =Inputs!$C$13 -> 800 | E13: =B13/(Inputs!$C$4*Inputs!$C$5)+C13/(Inputs!$C$4*Inputs!$C$6)+D13/(Inputs!$C$4*Inputs!$C$7) -> 0.13298235 | F13: =E13+2*A13*Inputs!$C$14/Inputs!$C$5 -> 1.0689824 | G13: =Inputs!$C$15 -> 1 | H13: =2*A13*Inputs!$C$14*1000000+B13/Inputs!$C$4*1000000 -> 106.58824 | I13: =IF(H13<=Inputs!$C$5*1000000,1,0) -> 0 | J13: =(2*A13*Inputs!$C$16*1000000+INDEX(Inputs!$E$24:$E$29,MATCH(MAX(8,2^CEILING(LOG(A13,2),1)),Inputs!$A$24:$A$29,0)))/(Inputs!$C$5*1000000) -> 0.0148
A14: 14 | B14: =Inputs!$C$8*A14*(A14-1)+2*Inputs!$C$9*A14+Inputs!$C$10 -> 2542 | C14: =Inputs!$C$11+Inputs!$C$12*A14 -> 466 | D14: =Inputs!$C$13 -> 800 | E14: =B14/(Inputs!$C$4*Inputs!$C$5)+C14/(Inputs!$C$4*Inputs!$C$6)+D14/(Inputs!$C$4*Inputs!$C$7) -> 0.15274118 | F14: =E14+2*A14*Inputs!$C$14/Inputs!$C$5 -> 1.1607412 | G14: =Inputs!$C$15 -> 1 | H14: =2*A14*Inputs!$C$14*1000000+B14/Inputs!$C$4*1000000 -> 115.75294 | I14: =IF(H14<=Inputs!$C$5*1000000,1,0) -> 0 | J14: =(2*A14*Inputs!$C$16*1000000+INDEX(Inputs!$E$24:$E$29,MATCH(MAX(8,2^CEILING(LOG(A14,2),1)),Inputs!$A$24:$A$29,0)))/(Inputs!$C$5*1000000) -> 0.0156
A15: 15 | B15: =Inputs!$C$8*A15*(A15-1)+2*Inputs!$C$9*A15+Inputs!$C$10 -> 2900 | C15: =Inputs!$C$11+Inputs!$C$12*A15 -> 485 | D15: =Inputs!$C$13 -> 800 | E15: =B15/(Inputs!$C$4*Inputs!$C$5)+C15/(Inputs!$C$4*Inputs!$C$6)+D15/(Inputs!$C$4*Inputs!$C$7) -> 0.17391176 | F15: =E15+2*A15*Inputs!$C$14/Inputs!$C$5 -> 1.2539118 | G15: =Inputs!$C$15 -> 1 | H15: =2*A15*Inputs!$C$14*1000000+B15/Inputs!$C$4*1000000 -> 125.05882 | I15: =IF(H15<=Inputs!$C$5*1000000,1,0) -> 0 | J15: =(2*A15*Inputs!$C$16*1000000+INDEX(Inputs!$E$24:$E$29,MATCH(MAX(8,2^CEILING(LOG(A15,2),1)),Inputs!$A$24:$A$29,0)))/(Inputs!$C$5*1000000) -> 0.0164
A16: 16 | B16: =Inputs!$C$8*A16*(A16-1)+2*Inputs!$C$9*A16+Inputs!$C$10 -> 3282 | C16: =Inputs!$C$11+Inputs!$C$12*A16 -> 504 | D16: =Inputs!$C$13 -> 800 | E16: =B16/(Inputs!$C$4*Inputs!$C$5)+C16/(Inputs!$C$4*Inputs!$C$6)+D16/(Inputs!$C$4*Inputs!$C$7) -> 0.19649412 | F16: =E16+2*A16*Inputs!$C$14/Inputs!$C$5 -> 1.3484941 | G16: =Inputs!$C$15 -> 1 | H16: =2*A16*Inputs!$C$14*1000000+B16/Inputs!$C$4*1000000 -> 134.50588 | I16: =IF(H16<=Inputs!$C$5*1000000,1,0) -> 0 | J16: =(2*A16*Inputs!$C$16*1000000+INDEX(Inputs!$E$24:$E$29,MATCH(MAX(8,2^CEILING(LOG(A16,2),1)),Inputs!$A$24:$A$29,0)))/(Inputs!$C$5*1000000) -> 0.0172
A17: 17 | B17: =Inputs!$C$8*A17*(A17-1)+2*Inputs!$C$9*A17+Inputs!$C$10 -> 3688 | C17: =Inputs!$C$11+Inputs!$C$12*A17 -> 523 | D17: =Inputs!$C$13 -> 800 | E17: =B17/(Inputs!$C$4*Inputs!$C$5)+C17/(Inputs!$C$4*Inputs!$C$6)+D17/(Inputs!$C$4*Inputs!$C$7) -> 0.22048824 | F17: =E17+2*A17*Inputs!$C$14/Inputs!$C$5 -> 1.4444882 | G17: =Inputs!$C$15 -> 1 | H17: =2*A17*Inputs!$C$14*1000000+B17/Inputs!$C$4*1000000 -> 144.09412 | I17: =IF(H17<=Inputs!$C$5*1000000,1,0) -> 0 | J17: =(2*A17*Inputs!$C$16*1000000+INDEX(Inputs!$E$24:$E$29,MATCH(MAX(8,2^CEILING(LOG(A17,2),1)),Inputs!$A$24:$A$29,0)))/(Inputs!$C$5*1000000) -> 0.02
... A52: 256 | B52: =Inputs!$C$8*A52*(A52-1)+2*Inputs!$C$9*A52+Inputs!$C$10 -> 789042 | C52: =Inputs!$C$11+Inputs!$C$12*A52 -> 5064 | D52: =Inputs!$C$13 -> 800 | E52: =B52/(Inputs!$C$4*Inputs!$C$5)+C52/(Inputs!$C$4*Inputs!$C$6)+D52/(Inputs!$C$4*Inputs!$C$7) -> 46.444494 | F52: =E52+2*A52*Inputs!$C$14/Inputs!$C$5 -> 64.876494 | G52: =Inputs!$C$15 -> 1 | H52: =2*A52*Inputs!$C$14*1000000+B52/Inputs!$C$4*1000000 -> 6484.6235 | I52: =IF(H52<=Inputs!$C$5*1000000,1,0) -> 0 | J52: =(2*A52*Inputs!$C$16*1000000+INDEX(Inputs!$E$24:$E$29,MATCH(MAX(8,2^CEILING(LOG(A52,2),1)),Inputs!$A$24:$A$29,0)))/(Inputs!$C$5*1000000) -> 0.2196
A54: N_max single-SPI comm deadline (path ≤ T1) | E54: =INDEX(A4:A52,SUMPRODUCT(I4:I52)) -> 12
A55: N_max blocking comm (U_block ≤ bound) | E55: =INDEX(A4:A52,SUMPRODUCT((F4:F52<=Inputs!$C$15)*1)) -> 12
A56: N_max DMA / parallel ADC (U_DMA ≤ bound) | E56: =INDEX(A4:A52,SUMPRODUCT((E4:E52<=Inputs!$C$15)*1)) -> 37

Sheet Right LUT
A1: FPGA real limit: resources O(N·log²N) — formulas
A3: N (= M) | B3: LUT % (input table) | C3: LUT count = % × LUT_dev | D3: CS elements | E3: LUT per CS | F3: Device 100 % | G3: Feasible? | H3: N_max marker x | I3: marker y (0→140)
A4: =Inputs!A24 -> 8 | B4: =Inputs!B24*100 -> 1.5 | C4: =Inputs!B24*Inputs!$C$18 -> 409.32 | D4: =Inputs!D24 -> 24 | E4: =C4/D4 -> 17.055 | F4: 100 | G4: =IF(B4<=100,"yes","no") -> yes | H4: =Inputs!$C$19 -> 128 | I4: 0
A5: =Inputs!A25 -> 16 | B5: =Inputs!B25*100 -> 3 | C5: =Inputs!B25*Inputs!$C$18 -> 818.64 | D5: =Inputs!D25 -> 80 | E5: =C5/D5 -> 10.233 | F5: 100 | G5: =IF(B5<=100,"yes","no") -> yes | H5: =Inputs!$C$19 -> 128 | I5: 140
A6: =Inputs!A26 -> 32 | B6: =Inputs!B26*100 -> 8 | C6: =Inputs!B26*Inputs!$C$18 -> 2183.04 | D6: =Inputs!D26 -> 240 | E6: =C6/D6 -> 9.096 | F6: 100 | G6: =IF(B6<=100,"yes","no") -> yes
A7: =Inputs!A27 -> 64 | B7: =Inputs!B27*100 -> 21 | C7: =Inputs!B27*Inputs!$C$18 -> 5730.48 | D7: =Inputs!D27 -> 672 | E7: =C7/D7 -> 8.5275 | F7: 100 | G7: =IF(B7<=100,"yes","no") -> yes
A8: =Inputs!A28 -> 128 | B8: =Inputs!B28*100 -> 55 | C8: =Inputs!B28*Inputs!$C$18 -> 15008.4 | D8: =Inputs!D28 -> 1792 | E8: =C8/D8 -> 8.3752232 | F8: 100 | G8: =IF(B8<=100,"yes","no") -> yes
A9: =Inputs!A29 -> 256 | B9: =Inputs!B29*100 -> 135 | C9: =Inputs!B29*Inputs!$C$18 -> 36838.8 | D9: =Inputs!D29 -> 4608 | E9: =C9/D9 -> 7.9945313 | F9: 100 | G9: =IF(B9<=100,"yes","no") -> no
A11: N_max (resource-bound) = largest M with LUT ≤ 100 % | E11: =INDEX(A4:A9,SUMPRODUCT((B4:B9<=100)*1)) -> 128
